timestamp,open,high,low,close,volume
2024-01-01T00:00:00Z,42003.57,42110.94,41881.95,41968.69,1366.32
2024-01-01T01:00:00Z,41980.47,42137.16,41969.97,41975.43,1025.21
2024-01-01T02:00:00Z,41977.54,42001.38,41947.63,41991.34,1394.23
2024-01-01T03:00:00Z,42016.43,42114.62,41945.41,42055.71,1032.12
2024-01-01T04:00:00Z,42073.32,42105.12,42052.26,42088.18,1377.65
2024-01-01T05:00:00Z,42095.68,42160.85,41961.15,42032.92,1304.05
2024-01-01T06:00:00Z,42029.33,42143.40,42020.63,42088.22,1493.59
2024-01-01T07:00:00Z,42089.85,42183.62,41918.10,41999.88,1276.93
2024-01-01T08:00:00Z,41992.85,42044.66,41932.32,41957.14,1113.06
2024-01-01T09:00:00Z,41990.92,42051.85,41908.58,41941.28,2176.74
2024-01-01T10:00:00Z,41927.91,42006.84,41902.23,41906.91,1153.38
2024-01-01T11:00:00Z,41893.87,42031.32,41875.45,41976.22,1210.84
2024-01-01T12:00:00Z,42005.71,42083.85,41877.82,41938.51,1031.89
2024-01-01T13:00:00Z,41938.02,41987.79,41912.20,41924.34,1383.92
2024-01-01T14:00:00Z,41914.88,41977.28,41880.24,41971.52,1178.60
2024-01-01T15:00:00Z,41968.09,42115.03,41934.09,41959.20,1272.71
2024-01-01T16:00:00Z,41972.62,42117.77,41852.01,41904.81,1362.86
2024-01-01T17:00:00Z,41904.62,42008.58,41763.49,41956.55,1483.02
2024-01-01T18:00:00Z,41958.22,42042.07,41880.27,41900.86,1123.60
2024-01-01T19:00:00Z,41935.85,41994.48,41856.83,41976.59,2026.57
2024-01-01T20:00:00Z,41988.64,42121.85,41936.66,41996.29,1267.27
2024-01-01T21:00:00Z,42023.61,42085.77,41894.06,42033.46,1300.73
2024-01-01T22:00:00Z,42024.37,42061.91,41941.30,42030.60,1433.75
2024-01-01T23:00:00Z,42040.43,42195.90,42002.35,42186.42,1254.32
2024-01-02T00:00:00Z,42194.05,42293.34,42116.88,42173.94,1213.03
2024-01-02T01:00:00Z,42174.32,42303.91,42088.41,42185.56,1067.07
2024-01-02T02:00:00Z,42170.86,42191.40,42109.42,42186.68,1038.71
2024-01-02T03:00:00Z,42174.34,42192.21,42148.98,42151.74,1459.78
2024-01-02T04:00:00Z,42147.32,42150.44,42123.75,42139.85,1038.61
2024-01-02T05:00:00Z,42140.87,42181.70,42107.17,42175.66,1306.14
2024-01-02T06:00:00Z,42175.22,42276.67,42092.49,42132.51,1244.45
2024-01-02T07:00:00Z,42118.13,42259.28,42095.33,42247.26,1274.82
2024-01-02T08:00:00Z,42278.06,42394.34,42278.03,42293.50,1905.40
2024-01-02T09:00:00Z,42304.02,42430.53,42168.70,42295.99,1229.77
2024-01-02T10:00:00Z,42308.14,42359.96,42304.19,42346.71,1098.44
2024-01-02T11:00:00Z,42368.26,42443.42,42363.83,42385.21,1109.26
2024-01-02T12:00:00Z,42383.17,42421.70,42211.73,42412.09,1004.44
2024-01-02T13:00:00Z,42412.40,42471.86,42279.76,42375.51,1463.66
2024-01-02T14:00:00Z,42364.39,42371.80,42274.66,42296.95,1439.77
2024-01-02T15:00:00Z,42315.32,42407.69,42263.07,42391.75,1293.79
2024-01-02T16:00:00Z,42385.20,42450.76,42258.61,42308.49,1455.69
2024-01-02T17:00:00Z,42308.13,42352.75,42182.29,42207.75,1052.33
2024-01-02T18:00:00Z,42220.47,42244.86,42143.36,42202.50,1022.02
2024-01-02T19:00:00Z,42197.29,42257.01,42094.74,42193.78,1171.69
2024-01-02T20:00:00Z,42194.99,42291.56,42084.98,42179.88,1168.34
2024-01-02T21:00:00Z,42188.91,42225.48,42063.28,42173.74,1417.33
2024-01-02T22:00:00Z,42199.52,42278.79,42101.33,42105.73,1234.04
2024-01-02T23:00:00Z,42133.89,42176.31,42076.01,42098.37,1374.99
2024-01-03T00:00:00Z,42122.83,42166.02,42047.55,42145.75,1184.55
2024-01-03T01:00:00Z,42143.44,42181.14,42054.98,42056.81,1317.44
2024-01-03T02:00:00Z,42074.63,42077.34,42026.02,42069.75,1189.48
2024-01-03T03:00:00Z,42087.60,42241.24,41978.78,42078.37,1210.90
2024-01-03T04:00:00Z,42072.11,42223.33,42005.58,42018.81,1285.02
2024-01-03T05:00:00Z,42029.94,42065.78,42020.16,42036.81,1496.36
2024-01-03T06:00:00Z,42035.89,42179.49,41909.21,42026.40,1328.53
2024-01-03T07:00:00Z,42036.54,42163.17,41851.13,42069.89,1462.49
2024-01-03T08:00:00Z,42097.32,42273.87,42093.79,42248.38,1130.70
2024-01-03T09:00:00Z,42265.67,42289.72,42247.66,42259.95,1156.75
2024-01-03T10:00:00Z,42294.06,42460.01,42182.06,42362.37,1597.20
2024-01-03T11:00:00Z,42378.73,42387.14,42295.68,42365.35,1265.64
2024-01-03T12:00:00Z,42353.68,42376.30,42332.67,42342.03,1401.51
2024-01-03T13:00:00Z,42337.09,42412.73,42274.26,42276.33,1003.76
2024-01-03T14:00:00Z,42262.98,42285.87,42196.97,42221.48,1013.39
2024-01-03T15:00:00Z,42235.38,42321.34,42061.04,42188.61,1139.41
2024-01-03T16:00:00Z,42194.88,42310.79,42181.92,42250.08,1058.51
2024-01-03T17:00:00Z,42263.35,42299.89,42223.26,42279.07,1304.47
2024-01-03T18:00:00Z,42288.02,42362.62,42140.30,42278.27,1125.59
2024-01-03T19:00:00Z,42273.78,42355.12,42182.39,42318.97,1365.89
2024-01-03T20:00:00Z,42339.97,42529.96,42156.43,42524.49,1420.75
2024-01-03T21:00:00Z,42522.54,42605.53,42429.32,42506.05,1380.25
2024-01-03T22:00:00Z,42537.18,42597.37,42501.88,42527.37,1657.69
2024-01-03T23:00:00Z,42526.35,42656.70,42479.99,42579.77,1364.32
2024-01-04T00:00:00Z,42595.39,42631.07,42412.70,42608.77,1152.30
2024-01-04T01:00:00Z,42595.40,42723.43,42478.11,42676.79,1021.74
2024-01-04T02:00:00Z,42677.20,42680.45,42613.17,42649.50,1223.46
2024-01-04T03:00:00Z,42674.65,42700.46,42550.67,42686.08,1010.92
2024-01-04T04:00:00Z,42712.89,42848.90,42636.19,42650.71,1301.26
2024-01-04T05:00:00Z,42667.86,42687.25,42629.14,42683.39,1197.06
2024-01-04T06:00:00Z,42708.95,42895.01,42654.26,42888.10,1156.95
2024-01-04T07:00:00Z,42882.94,43013.99,42721.95,42810.81,1301.63
2024-01-04T08:00:00Z,42816.33,42896.34,42676.22,42883.71,1316.56
2024-01-04T09:00:00Z,42880.61,42928.04,42814.18,42914.42,1248.37
2024-01-04T10:00:00Z,42907.28,43068.79,42796.46,43021.63,1094.01
2024-01-04T11:00:00Z,43029.26,43038.46,42908.72,42987.82,1385.49
2024-01-04T12:00:00Z,43008.41,43028.20,42918.74,43024.54,1288.16
2024-01-04T13:00:00Z,43049.84,43202.55,43020.99,43153.48,1016.23
2024-01-04T14:00:00Z,43155.92,43243.43,43011.90,43227.10,1126.14
2024-01-04T15:00:00Z,43228.83,43300.06,43150.21,43186.03,1351.68
2024-01-04T16:00:00Z,43212.31,43224.34,43169.24,43200.01,1238.01
2024-01-04T17:00:00Z,43228.48,43329.16,43128.39,43295.08,1196.29
2024-01-04T18:00:00Z,43294.17,43343.84,43214.11,43299.91,1213.87
2024-01-04T19:00:00Z,43323.40,43432.38,43166.53,43320.08,1439.04
2024-01-04T20:00:00Z,43305.30,43341.08,43189.58,43320.07,1116.24
2024-01-04T21:00:00Z,43314.97,43365.20,43223.05,43323.70,1477.75
2024-01-04T22:00:00Z,43312.02,43381.83,43145.51,43216.14,1462.36
2024-01-04T23:00:00Z,43202.69,43269.93,43169.34,43203.58,1185.21
2024-01-05T00:00:00Z,43218.09,43271.50,43187.03,43244.29,1085.46
2024-01-05T01:00:00Z,43234.17,43300.16,43189.01,43199.61,1415.15
2024-01-05T02:00:00Z,43216.36,43298.29,43110.70,43278.48,1019.53
2024-01-05T03:00:00Z,43279.40,43285.29,43205.52,43213.18,1474.90
2024-01-05T04:00:00Z,43185.31,43297.59,43148.81,43262.79,2827.18
2024-01-05T05:00:00Z,43240.61,43307.60,43218.69,43263.74,1260.41
2024-01-05T06:00:00Z,43269.98,43393.18,43211.97,43275.91,1215.85
2024-01-05T07:00:00Z,43269.50,43376.37,43166.10,43341.83,1276.16
2024-01-05T08:00:00Z,43317.05,43438.94,43130.45,43160.69,1266.89
2024-01-05T09:00:00Z,43135.49,43228.22,43014.46,43106.19,1228.02
2024-01-05T10:00:00Z,43078.87,43266.69,42992.24,43017.23,1010.71
2024-01-05T11:00:00Z,43009.18,43056.43,42905.91,42995.50,1471.07
2024-01-05T12:00:00Z,42966.42,43050.25,42866.56,42967.63,1421.35
2024-01-05T13:00:00Z,42943.68,42993.93,42910.12,42987.20,1240.71
2024-01-05T14:00:00Z,42980.95,43027.26,42946.80,42951.74,1007.48
2024-01-05T15:00:00Z,42962.71,42973.58,42859.06,42871.09,1444.80
2024-01-05T16:00:00Z,42884.85,42981.28,42808.88,42887.14,1028.99
2024-01-05T17:00:00Z,42901.44,42981.53,42797.37,42818.13,1132.13
2024-01-05T18:00:00Z,42812.08,42894.44,42758.81,42792.99,1261.91
2024-01-05T19:00:00Z,42807.38,42974.61,42695.91,42698.09,1148.91
2024-01-05T20:00:00Z,42667.42,42764.93,42580.97,42754.66,1706.95
2024-01-05T21:00:00Z,42752.58,42768.87,42622.85,42744.31,1162.18
2024-01-05T22:00:00Z,42718.49,42736.54,42678.01,42721.39,1361.09
2024-01-05T23:00:00Z,42734.13,42830.61,42661.91,42794.38,1166.57
2024-01-06T00:00:00Z,42798.91,42938.60,42797.89,42881.06,1324.10
2024-01-06T01:00:00Z,42871.32,42956.62,42827.75,42874.51,1197.99
2024-01-06T02:00:00Z,42854.86,42992.83,42809.48,42812.41,1289.98
2024-01-06T03:00:00Z,42795.28,42836.60,42771.60,42779.17,1205.32
2024-01-06T04:00:00Z,42746.69,42834.93,42638.61,42732.74,1618.45
2024-01-06T05:00:00Z,42718.13,42761.68,42654.76,42691.15,1065.30
2024-01-06T06:00:00Z,42671.06,42777.10,42555.20,42565.40,1167.25
2024-01-06T07:00:00Z,42562.56,42571.45,42552.86,42565.94,1113.18
2024-01-06T08:00:00Z,42549.84,42653.00,42439.21,42575.61,1059.97
2024-01-06T09:00:00Z,42568.22,42696.07,42529.04,42585.18,1222.20
2024-01-06T10:00:00Z,42578.63,42706.97,42477.88,42498.15,1363.82
2024-01-06T11:00:00Z,42480.74,42596.21,42395.79,42467.92,1039.05
2024-01-06T12:00:00Z,42445.01,42596.49,42373.41,42446.28,1457.14
2024-01-06T13:00:00Z,42461.07,42511.60,42438.58,42495.68,1472.77
2024-01-06T14:00:00Z,42479.11,42549.24,42394.96,42449.24,1021.51
2024-01-06T15:00:00Z,42449.52,42460.99,42417.70,42433.62,1415.89
2024-01-06T16:00:00Z,42440.72,42554.02,42365.04,42524.47,1407.98
2024-01-06T17:00:00Z,42522.13,42543.16,42458.58,42508.18,1230.15
2024-01-06T18:00:00Z,42486.74,42550.53,42378.82,42417.70,1189.64
2024-01-06T19:00:00Z,42433.27,42450.16,42353.29,42374.77,1143.46
2024-01-06T20:00:00Z,42349.05,42488.17,42286.30,42286.58,1490.92
2024-01-06T21:00:00Z,42257.73,42355.23,42184.49,42198.01,1010.53
2024-01-06T22:00:00Z,42189.64,42211.49,42160.82,42204.69,1209.77
2024-01-06T23:00:00Z,42182.15,42293.95,42102.77,42291.59,1037.75
2024-01-07T00:00:00Z,42302.59,42415.74,42300.14,42364.88,1066.50
2024-01-07T01:00:00Z,42366.86,42493.39,42251.45,42325.68,1127.56
2024-01-07T02:00:00Z,42330.30,42390.04,42238.89,42343.37,1491.03
2024-01-07T03:00:00Z,42345.72,42382.65,42275.39,42359.11,1376.79
2024-01-07T04:00:00Z,42331.01,42380.50,42300.99,42306.96,1125.27
2024-01-07T05:00:00Z,42297.78,42361.62,42246.50,42351.89,1073.15
2024-01-07T06:00:00Z,42366.05,42466.82,42353.24,42439.48,1328.37
2024-01-07T07:00:00Z,42409.87,42586.87,42243.21,42261.65,1425.93
2024-01-07T08:00:00Z,42247.95,42338.53,42223.73,42263.39,1337.92
2024-01-07T09:00:00Z,42258.67,42358.29,42178.96,42274.66,1173.23
2024-01-07T10:00:00Z,42244.21,42375.87,42133.96,42211.63,1578.70
2024-01-07T11:00:00Z,42215.21,42280.51,42066.49,42087.30,1064.99
2024-01-07T12:00:00Z,42096.45,42287.04,41928.38,41931.29,1139.68
2024-01-07T13:00:00Z,41911.37,41918.02,41851.70,41917.26,1235.85
2024-01-07T14:00:00Z,41898.09,41977.11,41852.10,41942.00,1240.09
2024-01-07T15:00:00Z,41942.67,41961.69,41858.25,41947.48,1182.81
2024-01-07T16:00:00Z,41935.23,42057.71,41805.54,41898.83,1209.60
2024-01-07T17:00:00Z,41890.78,41955.21,41763.98,41902.58,1257.15
2024-01-07T18:00:00Z,41889.21,41969.27,41793.25,41958.35,1345.66
2024-01-07T19:00:00Z,41971.27,42034.81,41913.11,41940.50,1063.49
2024-01-07T20:00:00Z,41935.05,42040.47,41816.44,42023.19,1243.40
2024-01-07T21:00:00Z,42034.95,42134.21,42009.00,42027.03,1387.22
2024-01-07T22:00:00Z,42034.08,42054.77,41967.73,41985.22,1439.51
2024-01-07T23:00:00Z,41977.20,42047.35,41927.28,42040.59,1219.05
2024-01-08T00:00:00Z,42012.01,42036.26,41982.53,41994.10,1104.87
2024-01-08T01:00:00Z,41996.04,42075.99,41929.98,41989.03,1078.34
2024-01-08T02:00:00Z,41974.60,42064.58,41958.20,42012.21,1142.72
2024-01-08T03:00:00Z,42000.23,42006.53,41933.48,41987.71,1147.95
2024-01-08T04:00:00Z,41955.12,42069.22,41823.56,41988.63,1606.33
2024-01-08T05:00:00Z,41982.22,42051.64,41945.61,42022.75,1081.81
2024-01-08T06:00:00Z,41990.19,42048.06,41882.36,41958.97,1549.91
2024-01-08T07:00:00Z,41957.76,42018.33,41841.70,41935.06,1422.56
2024-01-08T08:00:00Z,41908.00,41988.59,41827.77,41982.86,1008.90
2024-01-08T09:00:00Z,41963.86,42087.52,41918.58,42002.37,1291.46
2024-01-08T10:00:00Z,41982.05,42114.44,41951.37,41966.14,1118.25
2024-01-08T11:00:00Z,41964.23,41994.00,41937.98,41962.74,1206.03
2024-01-08T12:00:00Z,41954.88,42025.12,41887.07,41922.95,1168.02
2024-01-08T13:00:00Z,41915.04,41950.23,41864.30,41899.20,1021.79
2024-01-08T14:00:00Z,41867.28,41930.30,41827.19,41873.35,1509.57
2024-01-08T15:00:00Z,41885.31,41960.67,41874.58,41938.20,1263.80
2024-01-08T16:00:00Z,41939.62,42040.53,41887.67,42033.14,1224.41
2024-01-08T17:00:00Z,42033.91,42130.50,41990.83,42109.34,1120.01
2024-01-08T18:00:00Z,42109.29,42192.92,42080.01,42097.62,1436.05
2024-01-08T19:00:00Z,42085.26,42196.82,42006.68,42051.02,1266.80
2024-01-08T20:00:00Z,42023.78,42146.38,41863.00,42054.01,1135.40
2024-01-08T21:00:00Z,42037.43,42053.21,41931.20,42043.48,1472.22
2024-01-08T22:00:00Z,42022.88,42101.18,41913.73,41996.79,1038.87
2024-01-08T23:00:00Z,41991.90,42020.70,41867.41,42007.03,1469.56
2024-01-09T00:00:00Z,42004.27,42073.67,41876.90,41893.28,1488.64
2024-01-09T01:00:00Z,41870.18,41912.02,41781.95,41791.00,1365.91
2024-01-09T02:00:00Z,41762.92,41836.25,41608.09,41795.15,1020.53
2024-01-09T03:00:00Z,41773.31,41888.18,41680.93,41699.93,1173.77
2024-01-09T04:00:00Z,41698.53,41707.38,41657.55,41689.77,1170.99
2024-01-09T05:00:00Z,41692.33,41815.91,41691.19,41799.91,1231.31
2024-01-09T06:00:00Z,41812.49,41879.14,41716.62,41845.99,1415.39
2024-01-09T07:00:00Z,41834.37,41955.14,41828.26,41839.35,1270.32
2024-01-09T08:00:00Z,41874.44,42009.39,41751.52,41968.89,3744.21
2024-01-09T09:00:00Z,42003.52,42169.29,41836.14,41938.61,1976.15
2024-01-09T10:00:00Z,41970.88,42109.33,41822.09,41874.91,2132.03
2024-01-09T11:00:00Z,41888.35,41902.49,41820.63,41891.70,1122.01
2024-01-09T12:00:00Z,41884.20,41972.94,41818.06,41860.81,1172.33
2024-01-09T13:00:00Z,41851.10,41936.94,41807.90,41919.10,1325.31
2024-01-09T14:00:00Z,41940.25,42039.77,41926.51,41949.35,1113.91
2024-01-09T15:00:00Z,41968.64,42126.52,41900.77,42024.83,1393.68
2024-01-09T16:00:00Z,42046.34,42068.95,41897.98,42043.16,1458.49
2024-01-09T17:00:00Z,42045.75,42078.75,41947.00,41978.94,1497.41
2024-01-09T18:00:00Z,41975.06,42051.18,41894.47,41969.00,1492.59
2024-01-09T19:00:00Z,42003.32,42132.46,41854.48,41857.34,2068.07
2024-01-09T20:00:00Z,41856.93,41971.09,41711.72,41894.24,1350.77
2024-01-09T21:00:00Z,41923.00,42070.12,41790.73,41934.73,1137.55
2024-01-09T22:00:00Z,41960.47,42039.49,41846.40,41898.23,1103.90
2024-01-09T23:00:00Z,41928.31,42067.21,41778.34,42067.20,1517.66
2024-01-10T00:00:00Z,42079.49,42180.34,42044.00,42045.92,1345.37
2024-01-10T01:00:00Z,42069.09,42211.87,41996.90,42163.79,1327.24
2024-01-10T02:00:00Z,42169.63,42209.52,42073.39,42113.92,1296.85
2024-01-10T03:00:00Z,42110.16,42199.64,42075.25,42198.88,1380.19
2024-01-10T04:00:00Z,42238.58,42327.27,42092.91,42259.45,2112.22
2024-01-10T05:00:00Z,42294.49,42312.56,42163.35,42167.25,1510.86
2024-01-10T06:00:00Z,42160.35,42230.05,42136.74,42164.94,1149.13
2024-01-10T07:00:00Z,42163.80,42222.49,42012.77,42087.21,1004.12
2024-01-10T08:00:00Z,42098.33,42228.33,42034.28,42152.65,1209.76
2024-01-10T09:00:00Z,42165.98,42219.71,42051.57,42170.12,1134.09
2024-01-10T10:00:00Z,42170.03,42314.42,42134.82,42135.32,1000.01
2024-01-10T11:00:00Z,42155.18,42159.66,42140.11,42157.75,1122.23
2024-01-10T12:00:00Z,42152.18,42255.25,42112.27,42228.21,1366.00
2024-01-10T13:00:00Z,42262.20,42292.76,42248.11,42266.32,1607.26
2024-01-10T14:00:00Z,42298.01,42355.78,42296.31,42304.48,1975.80
2024-01-10T15:00:00Z,42297.73,42360.38,42205.43,42283.06,1023.27
2024-01-10T16:00:00Z,42307.73,42390.51,42132.53,42178.22,1066.13
2024-01-10T17:00:00Z,42186.94,42241.10,42181.01,42240.40,1255.82
2024-01-10T18:00:00Z,42267.81,42320.66,42197.23,42312.68,1164.04
2024-01-10T19:00:00Z,42338.20,42430.34,42254.08,42371.55,1217.82
2024-01-10T20:00:00Z,42384.34,42410.82,42209.71,42384.24,1027.11
2024-01-10T21:00:00Z,42394.97,42497.66,42215.52,42351.07,1423.58
2024-01-10T22:00:00Z,42346.24,42358.54,42257.41,42306.23,1314.68
2024-01-10T23:00:00Z,42320.04,42414.07,42268.83,42304.50,1323.94
2024-01-11T00:00:00Z,42316.75,42375.09,42187.28,42333.24,1213.06
2024-01-11T01:00:00Z,42330.72,42384.47,42318.03,42347.47,1365.15
2024-01-11T02:00:00Z,42359.73,42399.59,42311.26,42316.95,1046.50
2024-01-11T03:00:00Z,42312.28,42479.67,42264.03,42342.67,1199.93
2024-01-11T04:00:00Z,42373.01,42445.12,42315.74,42433.34,2082.30
2024-01-11T05:00:00Z,42451.20,42523.41,42356.04,42356.75,1397.17
2024-01-11T06:00:00Z,42376.26,42424.19,42358.17,42383.68,1214.34
2024-01-11T07:00:00Z,42378.27,42404.79,42345.06,42361.43,1243.73
2024-01-11T08:00:00Z,42401.41,42587.60,42278.17,42577.62,1901.18
2024-01-11T09:00:00Z,42592.92,42609.93,42574.04,42597.01,1424.25
2024-01-11T10:00:00Z,42598.62,42695.54,42586.51,42606.47,1136.53
2024-01-11T11:00:00Z,42611.15,42613.46,42494.44,42500.90,1455.82
2024-01-11T12:00:00Z,42531.85,42639.27,42478.33,42600.21,1676.29
2024-01-11T13:00:00Z,42629.33,42657.99,42546.86,42591.59,1439.11
2024-01-11T14:00:00Z,42621.75,42694.92,42612.05,42642.14,1890.34
2024-01-11T15:00:00Z,42656.61,42714.86,42574.72,42701.14,1320.68
2024-01-11T16:00:00Z,42704.51,42826.38,42685.86,42772.08,1039.00
2024-01-11T17:00:00Z,42799.21,42990.10,42775.42,42909.31,1407.36
2024-01-11T18:00:00Z,42937.23,42978.50,42888.33,42936.22,1006.65
2024-01-11T19:00:00Z,42967.87,43010.70,42954.19,42979.53,2061.84
2024-01-11T20:00:00Z,42978.59,42992.13,42963.71,42979.98,1332.77
2024-01-11T21:00:00Z,42989.20,43038.78,42896.35,42992.43,1006.70
2024-01-11T22:00:00Z,42995.04,43085.15,42951.75,42997.89,1262.54
2024-01-11T23:00:00Z,43013.27,43151.61,42890.13,43123.51,1481.93
2024-01-12T00:00:00Z,43117.65,43131.28,42999.97,43070.55,1459.04
2024-01-12T01:00:00Z,43062.02,43159.84,42928.49,43057.53,1199.83
2024-01-12T02:00:00Z,43073.71,43236.45,42995.37,43095.60,1257.33
2024-01-12T03:00:00Z,43124.48,43200.69,43119.15,43199.96,1462.55
2024-01-12T04:00:00Z,43202.95,43242.68,43191.22,43237.55,1042.38
2024-01-12T05:00:00Z,43231.33,43328.88,43163.54,43276.29,1182.47
2024-01-12T06:00:00Z,43300.32,43363.67,43192.67,43215.07,1081.54
2024-01-12T07:00:00Z,43241.83,43332.96,43123.64,43322.93,1149.27
2024-01-12T08:00:00Z,43349.66,43457.27,43330.66,43427.82,1034.97
2024-01-12T09:00:00Z,43424.89,43474.41,43316.24,43338.19,1373.65
2024-01-12T10:00:00Z,43334.22,43414.97,43321.78,43358.59,1461.34
2024-01-12T11:00:00Z,43379.42,43427.65,43287.27,43333.16,1450.54
2024-01-12T12:00:00Z,43362.77,43469.43,43327.44,43356.37,1306.39
2024-01-12T13:00:00Z,43374.90,43430.31,43287.05,43351.10,1163.20
2024-01-12T14:00:00Z,43362.27,43463.68,43323.07,43458.68,1067.69
2024-01-12T15:00:00Z,43474.72,43480.51,43426.47,43442.21,1183.40
2024-01-12T16:00:00Z,43480.69,43494.84,43432.14,43451.17,1915.06
2024-01-12T17:00:00Z,43479.71,43530.13,43423.54,43463.66,1235.24
2024-01-12T18:00:00Z,43488.09,43539.19,43405.99,43436.43,1323.16
2024-01-12T19:00:00Z,43470.90,43572.75,43375.77,43462.27,1675.51
2024-01-12T20:00:00Z,43470.98,43587.72,43380.16,43560.04,1061.51
2024-01-12T21:00:00Z,43590.46,43602.56,43580.53,43601.59,1669.95
2024-01-12T22:00:00Z,43603.82,43712.21,43510.29,43587.31,1057.18
2024-01-12T23:00:00Z,43581.23,43596.65,43554.66,43583.81,1266.94
2024-01-13T00:00:00Z,43617.89,43673.86,43538.58,43593.28,1745.46
2024-01-13T01:00:00Z,43609.16,43731.25,43539.81,43724.50,1377.41
2024-01-13T02:00:00Z,43715.71,43774.06,43611.63,43645.18,1190.26
2024-01-13T03:00:00Z,43683.89,43843.61,43681.19,43841.12,1632.95
2024-01-13T04:00:00Z,43860.08,43916.96,43685.25,43884.15,1416.14
2024-01-13T05:00:00Z,43898.01,43933.18,43809.55,43918.76,1099.24
2024-01-13T06:00:00Z,43944.77,43966.13,43830.32,43866.46,1422.56
2024-01-13T07:00:00Z,43873.57,43978.13,43852.58,43911.10,1355.01
2024-01-13T08:00:00Z,43924.81,44081.55,43803.83,43850.97,1319.43
2024-01-13T09:00:00Z,43890.56,43973.68,43876.61,43950.23,2133.44
2024-01-13T10:00:00Z,43962.60,44052.56,43953.22,44027.31,1487.76
2024-01-13T11:00:00Z,44030.35,44170.54,43999.36,44158.31,1440.09
2024-01-13T12:00:00Z,44148.49,44167.19,44087.66,44166.66,1304.82
2024-01-13T13:00:00Z,44185.82,44220.41,44084.94,44132.64,1124.25
2024-01-13T14:00:00Z,44135.69,44191.10,43996.33,44109.78,1356.87
2024-01-13T15:00:00Z,44126.90,44195.73,44063.24,44161.22,1090.89
2024-01-13T16:00:00Z,44177.94,44224.06,44093.55,44100.54,1477.10
2024-01-13T17:00:00Z,44126.02,44184.81,44123.34,44146.99,1417.33
2024-01-13T18:00:00Z,44174.68,44229.75,44056.42,44112.82,1486.70
2024-01-13T19:00:00Z,44106.44,44190.66,44065.32,44180.36,1157.09
2024-01-13T20:00:00Z,44205.17,44372.73,44065.03,44164.13,1291.80
2024-01-13T21:00:00Z,44156.61,44229.58,44090.85,44206.10,1037.30
2024-01-13T22:00:00Z,44220.72,44330.91,44138.07,44254.53,1064.63
2024-01-13T23:00:00Z,44259.89,44397.67,44225.47,44376.82,1346.38
2024-01-14T00:00:00Z,44383.09,44487.38,44336.01,44485.92,1038.01
2024-01-14T01:00:00Z,44476.93,44488.07,44427.82,44478.21,1328.11
2024-01-14T02:00:00Z,44517.41,44566.74,44490.57,44507.54,1940.62
2024-01-14T03:00:00Z,44503.82,44549.08,44458.32,44529.41,1332.93
2024-01-14T04:00:00Z,44530.98,44547.39,44447.84,44499.25,1085.57
2024-01-14T05:00:00Z,44508.86,44559.18,44325.76,44385.12,1109.84
2024-01-14T06:00:00Z,44375.78,44480.71,44359.48,44465.24,1473.10
2024-01-14T07:00:00Z,44457.19,44535.25,44340.32,44528.67,1336.58
2024-01-14T08:00:00Z,44521.14,44578.19,44462.03,44574.78,1260.57
2024-01-14T09:00:00Z,44585.42,44699.24,44456.63,44568.79,1423.39
2024-01-14T10:00:00Z,44589.53,44679.76,44510.05,44600.88,1245.20
2024-01-14T11:00:00Z,44595.64,44600.54,44517.13,44545.41,1429.77
2024-01-14T12:00:00Z,44541.71,44654.19,44499.44,44547.85,1193.78
2024-01-14T13:00:00Z,44561.41,44666.44,44474.03,44650.56,1122.33
2024-01-14T14:00:00Z,44655.01,44729.63,44505.50,44701.04,1303.83
2024-01-14T15:00:00Z,44714.54,44867.00,44599.44,44644.34,1481.74
2024-01-14T16:00:00Z,44655.84,44729.35,44640.57,44702.50,1158.27
2024-01-14T17:00:00Z,44714.22,44809.65,44691.91,44794.53,1180.90
2024-01-14T18:00:00Z,44824.76,44935.59,44785.87,44930.22,1799.57
2024-01-14T19:00:00Z,44940.88,44952.37,44806.68,44927.87,1234.28
2024-01-14T20:00:00Z,44934.71,44935.75,44865.56,44931.75,1008.59
2024-01-14T21:00:00Z,44940.93,44962.54,44871.49,44896.21,1180.47
2024-01-14T22:00:00Z,44935.17,45058.16,44891.28,44965.38,1666.49
2024-01-14T23:00:00Z,44967.54,45104.45,44907.84,44972.12,1481.91
2024-01-15T00:00:00Z,45009.40,45027.83,44852.06,44957.70,1914.94
2024-01-15T01:00:00Z,44966.10,45063.23,44876.06,44943.31,1212.95
2024-01-15T02:00:00Z,44936.11,45005.22,44872.08,44976.14,1446.80
2024-01-15T03:00:00Z,45011.39,45020.19,44971.32,45004.74,1501.23
2024-01-15T04:00:00Z,45010.15,45065.24,44951.11,45037.99,1052.90
2024-01-15T05:00:00Z,45052.05,45159.86,44903.38,44968.36,1412.55
2024-01-15T06:00:00Z,44999.29,45039.32,44957.91,44985.69,1783.60
2024-01-15T07:00:00Z,44995.38,45111.88,44820.22,44840.67,1219.13
2024-01-15T08:00:00Z,44870.98,44911.52,44797.47,44873.08,1972.09
2024-01-15T09:00:00Z,44887.45,45004.17,44851.24,44865.73,1351.05
2024-01-15T10:00:00Z,44903.51,44937.77,44760.62,44856.77,1504.45
2024-01-15T11:00:00Z,44852.10,44977.98,44763.11,44859.65,1448.79
2024-01-15T12:00:00Z,44888.15,44891.52,44728.20,44808.76,1146.61
2024-01-15T13:00:00Z,44799.35,44899.53,44741.97,44883.86,1498.60
2024-01-15T14:00:00Z,44888.24,44985.49,44833.40,44833.72,3545.94
2024-01-15T15:00:00Z,44849.18,44889.50,44817.25,44832.31,1375.56
2024-01-15T16:00:00Z,44816.93,44958.48,44709.82,44923.82,1209.03
2024-01-15T17:00:00Z,44897.51,44927.79,44894.53,44911.59,1106.24
2024-01-15T18:00:00Z,44911.94,44929.66,44767.50,44825.49,1079.57
2024-01-15T19:00:00Z,44836.29,44879.75,44684.80,44836.75,1431.19
2024-01-15T20:00:00Z,44843.63,44964.88,44775.95,44859.07,1249.56
2024-01-15T21:00:00Z,44858.28,44883.83,44801.25,44827.22,1291.47
2024-01-15T22:00:00Z,44799.76,44868.49,44774.46,44842.44,1241.19
2024-01-15T23:00:00Z,44812.98,44943.26,44738.08,44919.53,1368.99
2024-01-16T00:00:00Z,44901.03,45018.21,44840.69,44841.73,1074.20
2024-01-16T01:00:00Z,44826.44,44858.07,44729.15,44784.61,1450.81
2024-01-16T02:00:00Z,44758.12,44881.15,44739.23,44794.87,1453.97
2024-01-16T03:00:00Z,44772.89,44800.41,44641.43,44754.73,1278.34
2024-01-16T04:00:00Z,44759.31,44944.39,44616.63,44672.62,1156.04
2024-01-16T05:00:00Z,44670.99,44710.47,44587.70,44693.65,1378.42
2024-01-16T06:00:00Z,44681.47,44834.46,44600.55,44694.05,1012.99
2024-01-16T07:00:00Z,44694.26,44831.27,44564.47,44604.12,1139.81
2024-01-16T08:00:00Z,44606.06,44670.06,44511.06,44651.75,1037.84
2024-01-16T09:00:00Z,44629.56,44673.50,44530.45,44612.98,1440.55
2024-01-16T10:00:00Z,44612.40,44729.87,44576.23,44660.15,1366.64
2024-01-16T11:00:00Z,44647.75,44792.28,44626.36,44727.16,1025.31
2024-01-16T12:00:00Z,44712.53,44851.89,44681.98,44851.52,1480.07
2024-01-16T13:00:00Z,44852.97,44863.82,44758.44,44814.45,1381.98
2024-01-16T14:00:00Z,44823.89,44886.81,44742.04,44754.47,1488.73
2024-01-16T15:00:00Z,44747.99,44926.62,44612.23,44731.24,1085.21
2024-01-16T16:00:00Z,44744.14,44826.41,44710.79,44756.50,1398.71
2024-01-16T17:00:00Z,44767.31,44853.95,44658.17,44726.06,1457.59
2024-01-16T18:00:00Z,44705.62,44781.13,44565.46,44687.80,1116.63
2024-01-16T19:00:00Z,44694.23,44763.76,44535.74,44583.98,1434.57
2024-01-16T20:00:00Z,44573.70,44663.40,44565.50,44651.28,1082.47
2024-01-16T21:00:00Z,44644.42,44671.19,44552.45,44595.51,1226.46
2024-01-16T22:00:00Z,44574.59,44710.46,44503.75,44521.51,1199.87
2024-01-16T23:00:00Z,44509.24,44599.41,44419.84,44535.61,1032.74
2024-01-17T00:00:00Z,44553.09,44632.71,44399.18,44404.53,1343.13
2024-01-17T01:00:00Z,44410.99,44533.98,44365.09,44442.64,1471.75
2024-01-17T02:00:00Z,44444.16,44464.57,44386.65,44462.28,1197.94
2024-01-17T03:00:00Z,44440.71,44462.59,44327.12,44426.51,1263.35
2024-01-17T04:00:00Z,44445.59,44454.57,44322.42,44408.00,1091.14
2024-01-17T05:00:00Z,44396.18,44433.90,44368.86,44383.16,1415.42
2024-01-17T06:00:00Z,44370.75,44371.60,44229.10,44361.09,1066.47
2024-01-17T07:00:00Z,44370.17,44371.23,44326.57,44340.51,1304.23
2024-01-17T08:00:00Z,44359.41,44416.18,44327.75,44341.87,1399.88
2024-01-17T09:00:00Z,44351.98,44505.79,44246.26,44392.23,1003.96
2024-01-17T10:00:00Z,44393.13,44520.47,44315.80,44393.87,1000.09
2024-01-17T11:00:00Z,44406.66,44443.64,44319.19,44339.83,1086.23
2024-01-17T12:00:00Z,44354.09,44424.61,44332.28,44381.17,1220.18
2024-01-17T13:00:00Z,44390.02,44565.20,44249.15,44471.00,1292.42
2024-01-17T14:00:00Z,44458.29,44471.67,44397.74,44424.74,1250.11
2024-01-17T15:00:00Z,44438.63,44496.17,44347.17,44446.97,1124.50
2024-01-17T16:00:00Z,44463.43,44579.66,44402.59,44460.74,1351.06
2024-01-17T17:00:00Z,44466.21,44542.76,44406.07,44423.55,1072.67
2024-01-17T18:00:00Z,44438.12,44558.80,44311.41,44415.89,1051.13
2024-01-17T19:00:00Z,44404.52,44475.22,44270.78,44362.95,1181.69
2024-01-17T20:00:00Z,44343.17,44429.98,44211.58,44298.63,1050.89
2024-01-17T21:00:00Z,44310.49,44367.29,44238.66,44335.34,1417.08
2024-01-17T22:00:00Z,44340.36,44389.86,44306.77,44360.02,1423.48
2024-01-17T23:00:00Z,44372.85,44404.73,44366.79,44390.43,1184.49
2024-01-18T00:00:00Z,44362.42,44421.92,44252.00,44286.80,1298.01
2024-01-18T01:00:00Z,44277.11,44333.56,44274.97,44300.41,1134.24
2024-01-18T02:00:00Z,44274.90,44305.47,44239.87,44250.44,1295.19
2024-01-18T03:00:00Z,44228.13,44301.16,44211.77,44262.87,1068.37
2024-01-18T04:00:00Z,44265.57,44413.01,44154.22,44278.19,1404.46
2024-01-18T05:00:00Z,44257.83,44270.45,44084.63,44086.85,1164.31
2024-01-18T06:00:00Z,44086.46,44160.97,43938.49,44105.25,1290.17
2024-01-18T07:00:00Z,44099.27,44128.40,44045.47,44111.12,1483.57
2024-01-18T08:00:00Z,44112.52,44181.51,43981.19,44110.38,1457.69
2024-01-18T09:00:00Z,44100.26,44162.62,43986.94,44082.58,1130.90
2024-01-18T10:00:00Z,44054.61,44173.98,43975.02,44079.80,1044.91
2024-01-18T11:00:00Z,44095.63,44201.18,44026.74,44157.08,1204.11
2024-01-18T12:00:00Z,44162.96,44228.54,44111.05,44168.98,1276.74
2024-01-18T13:00:00Z,44160.56,44185.05,44069.21,44182.51,1188.72
2024-01-18T14:00:00Z,44180.11,44335.27,44082.04,44325.38,1254.55
2024-01-18T15:00:00Z,44317.48,44324.22,44150.14,44212.41,1068.06
2024-01-18T16:00:00Z,44192.88,44311.59,44089.69,44140.20,1185.71
2024-01-18T17:00:00Z,44116.89,44221.73,44061.28,44177.97,1112.97
2024-01-18T18:00:00Z,44181.61,44298.68,44057.36,44271.12,1199.65
2024-01-18T19:00:00Z,44263.86,44320.96,44109.15,44124.99,1367.21
2024-01-18T20:00:00Z,44098.06,44177.56,44011.95,44164.06,1050.40
2024-01-18T21:00:00Z,44168.31,44176.79,44086.60,44126.69,1430.90
2024-01-18T22:00:00Z,44134.80,44240.92,44068.24,44107.48,1305.66
2024-01-18T23:00:00Z,44079.74,44104.01,44075.82,44084.97,1125.19
2024-01-19T00:00:00Z,44084.85,44101.71,44024.05,44080.51,1351.15
2024-01-19T01:00:00Z,44054.63,44195.44,44042.02,44053.87,1411.03
2024-01-19T02:00:00Z,44070.98,44110.34,43965.30,43977.42,1261.49
2024-01-19T03:00:00Z,43978.68,44093.66,43876.16,44053.59,1153.37
2024-01-19T04:00:00Z,44060.60,44164.09,44010.84,44092.56,1430.91
2024-01-19T05:00:00Z,44090.88,44106.45,44011.50,44077.10,1349.67
2024-01-19T06:00:00Z,44096.89,44188.24,44027.06,44184.63,1216.53
2024-01-19T07:00:00Z,44188.04,44311.98,44097.27,44277.21,1189.68
2024-01-19T08:00:00Z,44285.40,44428.23,44203.69,44418.91,1022.14
2024-01-19T09:00:00Z,44399.64,44472.38,44343.79,44369.96,1114.20
2024-01-19T10:00:00Z,44362.23,44461.22,44203.34,44460.00,1210.08
2024-01-19T11:00:00Z,44437.19,44595.63,44337.30,44430.04,1106.76
2024-01-19T12:00:00Z,44422.99,44564.62,44254.65,44535.77,1230.81
2024-01-19T13:00:00Z,44507.97,44516.76,44342.91,44385.12,1180.59
2024-01-19T14:00:00Z,44371.49,44415.60,44228.85,44312.58,1234.47
2024-01-19T15:00:00Z,44305.28,44353.60,44240.20,44264.78,1496.13
2024-01-19T16:00:00Z,44246.77,44298.03,44171.05,44187.15,1471.66
2024-01-19T17:00:00Z,44193.77,44253.38,44128.49,44231.51,1441.68
2024-01-19T18:00:00Z,44233.82,44259.51,44089.48,44138.52,1091.59
2024-01-19T19:00:00Z,44132.04,44223.97,43978.20,44050.00,1020.04
2024-01-19T20:00:00Z,44043.91,44163.84,44038.61,44135.39,1206.14
2024-01-19T21:00:00Z,44148.59,44203.52,44057.80,44066.03,1374.90
2024-01-19T22:00:00Z,44058.29,44161.19,44015.25,44054.13,1445.75
2024-01-19T23:00:00Z,44053.90,44066.95,43912.46,43913.85,1471.27
2024-01-20T00:00:00Z,43887.73,43925.29,43735.41,43822.54,1186.25
2024-01-20T01:00:00Z,43832.19,43927.53,43703.10,43722.65,1428.98
2024-01-20T02:00:00Z,43720.98,43795.62,43709.54,43733.44,1398.48
2024-01-20T03:00:00Z,43736.00,43821.75,43618.77,43755.61,1158.85
2024-01-20T04:00:00Z,43744.62,43797.16,43706.28,43716.43,1315.81
2024-01-20T05:00:00Z,43714.23,43722.01,43627.87,43684.82,1057.24
2024-01-20T06:00:00Z,43662.78,43764.16,43647.62,43668.56,1343.35
2024-01-20T07:00:00Z,43638.94,43778.38,43612.86,43629.81,1342.00
2024-01-20T08:00:00Z,43632.39,43633.41,43603.71,43626.31,1317.71
2024-01-20T09:00:00Z,43613.50,43669.28,43584.63,43615.89,1123.36
2024-01-20T10:00:00Z,43624.55,43705.16,43583.09,43588.43,1447.09
2024-01-20T11:00:00Z,43564.37,43651.69,43548.13,43604.00,1482.28
2024-01-20T12:00:00Z,43591.30,43638.17,43507.94,43581.24,1368.68
2024-01-20T13:00:00Z,43592.94,43669.93,43502.34,43658.01,1088.59
2024-01-20T14:00:00Z,43649.97,43701.25,43629.76,43697.04,1176.57
2024-01-20T15:00:00Z,43702.96,43715.38,43586.94,43657.08,1319.56
2024-01-20T16:00:00Z,43632.11,43680.46,43622.88,43624.80,1464.15
2024-01-20T17:00:00Z,43607.56,43638.40,43576.34,43600.14,1269.79
2024-01-20T18:00:00Z,43578.36,43643.78,43517.38,43594.75,1166.04
2024-01-20T19:00:00Z,43585.12,43607.48,43481.93,43579.44,1032.50
2024-01-20T20:00:00Z,43591.75,43628.66,43468.61,43514.57,1230.44
2024-01-20T21:00:00Z,43517.85,43623.82,43401.70,43473.04,1200.55
2024-01-20T22:00:00Z,43479.08,43514.08,43434.36,43447.10,1374.57
2024-01-20T23:00:00Z,43433.15,43508.54,43326.42,43411.33,1420.33
2024-01-21T00:00:00Z,43397.81,43537.19,43342.57,43488.28,1345.62
2024-01-21T01:00:00Z,43493.50,43662.65,43351.23,43418.07,1497.71
2024-01-21T02:00:00Z,43414.29,43561.82,43358.26,43419.71,1029.29
2024-01-21T03:00:00Z,43426.05,43536.08,43353.48,43391.48,1423.64
2024-01-21T04:00:00Z,43402.64,43411.40,43377.82,43390.60,1409.01
2024-01-21T05:00:00Z,43381.94,43398.49,43236.11,43383.88,1397.73
2024-01-21T06:00:00Z,43375.92,43487.55,43281.52,43319.21,1233.59
2024-01-21T07:00:00Z,43310.87,43314.51,43256.77,43287.62,1080.25
2024-01-21T08:00:00Z,43289.67,43334.16,43206.61,43236.89,1267.26
2024-01-21T09:00:00Z,43254.27,43271.83,43230.26,43233.90,1193.20
2024-01-21T10:00:00Z,43241.84,43284.13,43154.47,43231.72,1405.44
2024-01-21T11:00:00Z,43210.02,43230.59,43151.72,43211.92,1266.79
2024-01-21T12:00:00Z,43215.29,43262.62,43067.67,43186.70,1229.52
2024-01-21T13:00:00Z,43185.47,43221.46,43088.35,43101.02,1056.16
2024-01-21T14:00:00Z,43081.85,43089.93,42993.84,43075.22,1247.29
2024-01-21T15:00:00Z,43081.07,43184.61,42981.63,43023.71,1065.21
2024-01-21T16:00:00Z,43002.20,43056.82,42983.71,43052.01,1214.03
2024-01-21T17:00:00Z,43034.80,43146.93,43001.06,43103.79,1398.32
2024-01-21T18:00:00Z,43115.91,43230.79,43012.94,43041.31,1331.10
2024-01-21T19:00:00Z,43011.44,43037.11,42946.21,42986.73,1326.34
